license_no,company,state,postcode,phone,license_year,osa_code
MALLI20240020,Mebo Healthcare Sdn Bhd,Selangor,47400,,2024,1136033
MALLI20241225,Farmasi R.S. Sdn Bhd,Perak,30100,"05-5271279, 05-5263402",2024,1124224
MALLI20240449,MEDIPHARM INDUSTRIES SDN. BHD.,Selangor,46050,05-5450218,2024,56011
MALLI20241411A,Astellas Pharma Malaysia Sdn Bhd,W.P. Kuala Lumpur,59200,0322026994,2024,1104519
MALLI20240261A,N.K. LUCK SDN. BHD.,W.P. Kuala Lumpur,50200,03-2305622,2024,57548
MALLI20241824,DIONE HEALTHCARE HOLDINGS MALAYSIA SDN. BHD.,Johor,79100,,2024,1183853
MALLI20241222,CELLGEN LIFESCIENCES (M) SDN. BHD.,W.P. Kuala Lumpur,59200,03-22872286,2024,56119
MALLI20240627,HBL (M) SDN BHD,W.P. Kuala Lumpur,50450,+60342566688,2024,1119050
MALLI20240148,Rank Distributors Sdn. Bhd.,W.P. Kuala Lumpur,55100,0321166688,2024,1122628
MALLI20241836A,AJ RESEARCH & PHARMA SDN. BHD.,W.P. Kuala Lumpur,50088,0321611585,2024,1269890
MALLI20241414A,B. Braun Medical Supplies Sdn Bhd,Selangor,47800,0378414200,2024,1111859
MALLI20240879A,OTSUKA PHARMACEUTICALS (MALAYSIA) SDN. BHD.,Selangor,47301,03 7890 5464,2024,1187363
MALLI20240515,Melaleuca Southeast Asia (malaysia) Sdn. Bhd.,W.P. Kuala Lumpur,59000,03-23304688,2024,1117125
MALLI20241666,Metro Signature Sdn Bhd,Selangor,46150,0377823663,2024,1033637
MALLI20240579,POH TAI TRADING SDN. BHD.,Selangor,68100,0361871190,2024,55943
MALLI20241932,New Sea Trading Sdn Bhd,W.P. Kuala Lumpur,58100,,2024,1147564
MALLI20240066,Eucogen Pharma Sdn. Bhd.,Selangor,40460,0351311997,2024,1110919
MALLI20240514,Reliv International Sdn Bhd,Selangor,47000,,2024,1133386
MALLI20241313,VC FUTURE SDN BHD,Selangor,47810,,2024,1309421
MALLI20240416A,PHARMANIAGA LIFESCIENCE SDN. BHD.,Selangor,47100,03-80612006,2024,15365
MALLI20241467A,Intervet (m) Sdn Bhd,Selangor,47301,60374991671,2024,1150016
MALLI20240260,BIO-PHARMACEUTICALS SDN. BHD.,Selangor,40460,03 5131 9343/42,2024,55860
MALLI20240818,EDGE PHARMACEUTICALS SDN. BHD.,W.P. Kuala Lumpur,53000,,2024,1309908
MALLI20241275A,SYARIKAT WELLCHEM SDN. BHD.,Selangor,46400,03-79572449,2024,55820
MALLI20240065,PRO NUTRITION (MALAYSIA) SDN. BHD.,W.P. Kuala Lumpur,57000,+603-8656 9999,2024,1136103
MALLI20240539,OSN NETWORK SDN. BHD.,Selangor,47400,03-77109739,2024,56047
MALLI20241544,GTF WORLDWIDE SDN BHD,W.P. Kuala Lumpur,58100,(603) 7982 9881,2024,1140762
MALLI20241966,MCDEE SDN. BHD.,Selangor,46150,+603-56313887,2024,1317706
MALLI20241471,LUXOR NETWORK ASIA SDN BHD,Selangor,47810,03-76812233,2024,1119299
MALLI20241978A,Haleon Malaysia Sdn. Bhd.,Selangor,68000,03-74912020,2024,1111845
MALLI20240621,EXTRA EXCEL (MALAYSIA) SDN. BHD.,Selangor,47400,03-7660 7788,2024,55887
MALLI20240502A,ZUELLIG PHARMA SDN. BHD.,Selangor,40150,03-55662288,2024,873
MALLI20241677,Comebest Herbal Sdn. Bhd.,Selangor,41200,,2024,1273744
MALLI20240692,SHAN YAO CORPORATION SDN. BHD.,W.P. Kuala Lumpur,55100,03-92815531,2024,1116162
MALLI20240121A,HOVID BERHAD,Perak,30010,05-5060690,2024,793
MALLI20241216,MEDICINSPIRE GLOBAL SDN BHD,W.P. Kuala Lumpur,52200,,2024,1160819
MALLI20240465,REDO MARKETING SDN. BHD.,Selangor,40300,03-51036651,2024,1141028
MALLI20241465,GOBUY TRADING SDN BHD,Selangor,43000,0129321392,2024,1269197
MALLI20240252,NAM LEONG COMPANY SDN. BHD.,W.P. Kuala Lumpur,50100,03-20786393,2024,75771
MALLI20241036A,Y.S.P. INDUSTRIES (M) SDN. BHD.,Selangor,43000,03-89251215,2024,79
MALLI20241037,HNB ALLIANCE SDN. BHD.,Selangor,47130,0378808559,2024,1127685
MALLI20241243,PATHLAB HEALTHCARE (MALAYSIA) SDN. BHD.,Selangor,47810,,2024,1310776
MALLI20240168,PUI KIAN MING SDN BHD,Sarawak,93150,082-244811,2024,1109188
MALLI20240801A,UNAM PHARMACEUTICAL (M) SDN. BHD.,Selangor,46350,0379588373,2024,1108108
MALLI20241211A,SM PHARMACEUTICALS SDN. BHD.,Kedah,08000,04-4411801,2024,859
MALLI20240821,TIGER BALM (M) SDN. BHD.,Johor,81100,607-2891166,2024,1033477
MALLI20240512A,STADPHARM SDN. BHD.,Selangor,47301,03-78327812,2024,55917
MALLI20241630,GCOOP MALAYSIA SDN. BHD.,W.P. Kuala Lumpur,50480,,2024,1267104
MALLI20240806A,RANBAXY (MALAYSIA) SDN. BHD.,Kedah,08000,0322763452/04 4220660/04 4220661,2024,713
MALLI20241952,SUN TEN PHARMACEUTICAL MFG (M) SDN. BHD.,W.P. Kuala Lumpur,60000,,2024,1321563
MALLI20240023,NUVANTA SDN. BHD.,Selangor,47500,0356363758,2024,1033577
MALLI20241413,SHAKLEE PRODUCTS (MALAYSIA) SDN. BHD.,Selangor,47500,012-3065871,2024,1144454
MALLI20241409,Huiji (Malaysia) Sdn Bhd,Johor,81550,075570939,2024,936337
MALLI20240321,BIO-LIFE MARKETING SDN. BHD.,Selangor,47301,603-7499 7999,2024,1146741
MALLI20241312,CHUAN FENG TANG PHARMACEUTICAL (M) SDN BHD,W.P. Kuala Lumpur,57000,0172011425,2024,939617
MALLI20240226,Forlife Research Imports Sdn. Bhd.,W.P. Kuala Lumpur,59200,1800-819-418,2024,1271844
MALLI20240878,QNET (M) SDN. BHD.,Selangor,46050,+603-79679888,2024,56272
MALLI20241063,GENIUS PROFIT SDN. BHD.,Selangor,47301,0378317708,2024,1033733
MALLI20240974A,MUNDIPHARMA PHARMACEUTICALS SDN. BHD.,Selangor,47800,03-67365606,2024,1204691
MALLI20240070,ONI Global (Malaysia) Sdn Bhd,W.P. Kuala Lumpur,56100,0392002368,2024,934710
MALLI20240580,MD PHARMA SDN. BHD.,Selangor,47301,0122950213,2024,1106464
MALLI20240135A,BioCare Pharmaceutical (M) Sdn. Bhd.,Selangor,46150,03-7957 3555,2024,56179
MALLI20241887A,MEDISPEC (M) SDN. BHD.,Selangor,47301,,2024,1317707
MALLI20240691,EMBUN ELIT SDN.BHD.,Selangor,46200,03-7956 7012,2024,3794
MALLI20240045,MICHELLE LAZAR INTERNATIONAL SDN BHD,Johor,81100,07-3525235,2024,1142069
MALLI20241279,BIING HAN ENTERPRISE SDN. BHD.,W.P. Kuala Lumpur,55100,03-21449326,2024,55897
MALLI20240450,BUMARI SDN. BHD.,Pulau Pinang,13400,04-3246246,2024,1704
MALLI20241537,Biolyn Health Risk Management (M) Sdn. Bhd.,Selangor,43500,,2024,1185648
MALLI20240050A,Abio Marketing Sdn Bhd,Selangor,47500,03-56293688,2024,1155426
MALLI20240254A,Shennong Animal Health (Malaysia) Sdn. Bhd.,Selangor,47610,03-80114646,2024,1141236
MALLI20241008,Alphay Marketing (M) Sdn Bhd,Selangor,47301,,2024,1309435
MALLI20241223,Synergy Worldwide Marketing Sdn  Bhd,Selangor,47400,60377108228,2024,1114030
MALLI20240197,UHS ESSENTIAL HEALTH (MALAYSIA) SDN. BHD.,W.P. Kuala Lumpur,59200,03-22460800,2024,1110194
MALLI20240868A,Takeda Malaysia Sdn Bhd,Selangor,46200,60379533100,2024,999740
MALLI20240973,NUTRIGO SDN. BHD.,W.P. Kuala Lumpur,53000,,2024,1316643
MALLI20240171,PINK & BLUE TRADING CO. SDN. BHD.,W.P. Kuala Lumpur,60000,03-7726-7091,2024,55901
MALLI20240538,CHINI ENTERPRISE (M) SDN. BHD.,W.P. Kuala Lumpur,50350,03-40481268,2024,1144462
MALLI20241571A,LINK HEALTHCARE SDN. BHD.,Selangor,40150,0125497369,2024,1182295
MALLI20240632A,MEDISPEC (M) SDN. BHD.,Pulau Pinang,11400,04-8273450,2024,55826
MALLI20241938,AESD INTERNATIONAL (M) SDN. BHD.,Selangor,47301,,2024,1314018
MALLI20240123A,TRB CHEMEDICA MALAYSIA SDN. BHD.,W.P. Kuala Lumpur,56000,03-28561122,2024,1143433
MALLI20240463A,DKSH MALAYSIA SDN. BHD.,Selangor,47301,03-78828888,2024,75
MALLI20241116A,STERLING DRUG (MALAYA) SDN. BHD.,Selangor,68000,03-74912020,2024,75959
MALLI20241464,YOUNG LIVING MALAYSIA SDN. BHD.,W.P. Kuala Lumpur,59200,0327148600,2024,1105277
MALLI20241535A,IED HEALTHCARE SDN. BHD.,W.P. Kuala Lumpur,53300,,2024,1271969
MALLI20240228A,Bausch & Lomb (Malaysia) Sdn. Bhd.,Selangor,47100,+603-86017000,2024,1132102
MALLI20240880,Bioalpha International Sdn. Bhd.,Selangor,43650,0389251222,2024,1118925
MALLI20241577A,UNITED ITALIAN TRADING (M) SDN. BHD.,Selangor,46350,03-7965 3000,2024,1316372
MALLI20240263A,Aspen Medical Products Malaysia Sdn Bhd,Selangor,47400,03-77339795,2024,1033736
MALLI20241006,HAPPY LINK DISTRIBUTORS SDN BHD,Selangor,47160,603-8068 7311,2024,55865
MALLI20241054A,Vantive Sdn. Bhd.,Selangor,47301,,2024,1316554
MALLI20240125,KONIKI NATURE (M) SDN BHD,Johor,81200,0127718341,2024,1033554
MALLI20240822A,Nam Pharma Sdn. Bhd.,Perak,31200,"05-2931838,1839",2024,1041335
MALLI20240128,YANGTZE JIANG PHARMA SDN. BHD.,Selangor,47170,0380747008,2024,1155036
MALLI20241786,DAWN GLOBAL SDN. BHD.,W.P. Kuala Lumpur,57000,,2024,1317708
MALLI20240697A,RANGE PHARMA SDN. BHD.,Selangor,47000,03-61568708,2024,1106134
MALLI20240064,VENNBIO NUTRICEUTICAL SDN. BHD.,Selangor,40150,0378324279,2024,1131399
MALLI20241233,NATURES SCIENCEUTICALS SDN BHD,W.P. Kuala Lumpur,50480,0362000621,2024,941469
MALLI20240453,BIO-SCIENCE MARKETING SDN. BHD.,W.P. Kuala Lumpur,52100,0362592955,2024,1033503
MALLI20241546A,ALL EIGHTS (M) SDN BHD,Selangor,47610,0356334988,2024,56080
MALLI20240172A,ABBOTT LABORATORIES (M) SDN. BHD.,Selangor,47400,03-7988 7000,2024,1204170
MALLI20240318A,SERVIER MALAYSIA SDN. BHD.,Selangor,47400,03-77263866,2024,1210224
MALLI20240959,UNITED HERBAL SDN BHD,Selangor,41200,0167028534,2024,1131844
MALLI20241069,ARDENCE PHARMA SDN BHD,Selangor,46350,03-74987997,2024,1160242
MALLI20241635,BIDARI HEALTH SCIENCE SDN. BHD.,Johor,80200,,2024,1317963
MALLI20240191,Medexp Sdn Bhd,Selangor,47810,03-61488119,2024,1142527
MALLI20240802,HLD MEDICAL INDUSTRIES SDN BHD,W.P. Kuala Lumpur,55100,03-42802251,2024,1140786
MALLI20241062A,Synercam (M) Sdn Bhd,Selangor,46200,,2024,1270736
MALLI20240229,NU SKIN (MALAYSIA) SDN. BHD.,W.P. Kuala Lumpur,50450,03-90784788,2024,1132348
MALLI20240812,KARA MARKETING (M) SDN. BHD.,Selangor,47100,0380611199,2024,1033707
MALLI20241581,Scientillence Sdn. Bhd.,Selangor,40200,,2024,1159656
MALLI20240805,GUARDIAN HEALTH AND BEAUTY SDN. BHD.,Selangor,40100,0355448400,2024,999850
MALLI20241931,GK BIO INTERNATIONAL SDN. BHD.,Selangor,47810,,2024,1314125
MALLI20240032,L H Sales & Marketing Sdn. Bhd.,W.P. Kuala Lumpur,52200,03-62868640,2024,16940
MALLI20241119A,Taseen Trading Sdn Bhd,Selangor,41050,0122910633,2024,1133304
MALLI20240451A,NOVUGEN ONCOLOGY SDN. BHD.,Selangor,40150,60358702243,2024,1106165
MALLI20241355,ZBT FAR EAST SDN. BHD.,W.P. Kuala Lumpur,56100,03-91315278,2024,55934
MALLI20241536A,Agro-farmchem Sdn Bhd,Selangor,47500,03-5633 3279,2024,1120528
MALLI20240259,EU YAN SANG (1959) SDN.BHD.,W.P. Kuala Lumpur,55100,03-21168200,2024,1132477
MALLI20240909A,NOVO NORDISK PHARMA (MALAYSIA) SDN. BHD.,W.P. Kuala Lumpur,50470,+603-22657300,2024,1110273
MALLI20241122,ULTRAVITE SDN BHD,Melaka,75450,,2024,1154721
MALLI20240143,Wen Ken Marketing (M) Sdn Bhd,Johor,81200,07-2371115,2024,1136330
MALLI20240573,SINMA MEDICAL HOLDING SDN.BHD.,Selangor,43000,0387336903,2024,55863
MALLI20240145A,Mitsubishi Tanabe Pharma Malaysia Sdn. Bhd.,W.P. Kuala Lumpur,50490,012-3437937,2024,1142194
MALLI20241877,Zas Pharma Sdn Bhd,W.P. Kuala Lumpur,59000,,2024,1320011
MALLI20240811A,IDAMAN PHARMA SDN. BHD.,W.P. Kuala Lumpur,53300,0341425199,2024,1033469
MALLI20240119,PHARMADIRECT SDN. BHD.,Selangor,40150,03-55696323,2024,12160
MALLI20241274,YES HEALTH SDN BHD,Selangor,40150,0378597755,2024,1159150
MALLI20240473,WELLESTA TRUELIFE SDN. BHD.,Selangor,47820,603-76100030,2024,1185289
MALLI20241572,TOMBO ENTERPRISE SDN BHD,W.P. Kuala Lumpur,56000,0391722980,2024,56251
MALLI20241858,PERNIAGAAN NORMAHAS SDN. BHD.,W.P. Kuala Lumpur,53000,,2024,1311298
MALLI20241070A,EP PLUS GROUP SDN. BHD.,W.P. Kuala Lumpur,50480,03-62052728,2024,55870
MALLI20240454A,PAHANG PHARMACY SDN. BHD.,Selangor,41050,,2024,1131170
MALLI20241123,MORETH SDN. BHD.,Selangor,47620,603-80262749,2024,4121
MALLI20240319,VIVA LIFE SCIENCE SDN. BHD.,Selangor,47301,0378598248,2024,55924
MALLI20241740A,MEDI-DIAGNOSTIC SOLUTIONS (M) SDN. BHD.,Selangor,47800,03-77285830,2024,1033599
MALLI20240232,N.Z. NEW IMAGE SDN BHD,Selangor,46100,03-79403688,2024,56023
MALLI20240823,RIWAY (MALAYSIA) SDN BHD,Selangor,40150,03-77345939,2024,1121325
MALLI20240958,PHARM NUTRICIA SDN. BHD.,W.P. Kuala Lumpur,55100,,2024,1139238
MALLI20240072,TOTAL HEALTH CONCEPT SDN. BHD.,Selangor,46050,60379652700,2024,55949
MALLI20240536A,ABBVIE SDN BHD,Selangor,47410,+603 7883 6888 / +603 7883 6908 / +603 7883 6860,2024,1033692
MALLI20241633,Yi Si Yuan Trading Sdn. Bhd.,Johor,83000,074342024,2024,1033716
MALLI20240695,Resvenus Niaga Sdn. Bhd.,Selangor,47820,0377109600,2024,935623
MALLI20241944A,PHARM-D HEALTH SCIENCE SDN. BHD.,W.P. Kuala Lumpur,58000,0377852928,2024,1179980
MALLI20240071A,Orient Europharma (M) Sdn Bhd,Selangor,47650,03-8081 6637,2024,1121239
MALLI20241213,BNATURE HEALTH SDN BHD,Selangor,43200,0122842592,2024,1125355
MALLI20240470A,SUMMIT COMPANY (MALAYSIA) SENDIRIAN BERHAD,Selangor,46300,03-76288888,2024,1033390
MALLI20241315A,Subang Chemist Sdn. Bhd,Selangor,47200,,2024,1317304
MALLI20240419,YIN ONN (IPOH) SDN BHD,Perak,30300,05-2536341,2024,56065
MALLI20241416,HTE Venture (M) Sdn. Bhd.,Johor,81100,07-3538475,2024,1114829
MALLI20240262,PRIME PHARMACEUTICAL SDN. BHD.,Pulau Pinang,14000,04-5074787,2024,1033399
MALLI20240907A,Rhone Ma Malaysia Sdn Bhd,Selangor,46100,03-78737355,2024,1041324
MALLI20241121A,AIPHARMA HEALTHCARE SDN BHD,Johor,81000,,2024,1270792
MALLI20240626,LINTAN ENTERPRISE SDN.BHD,Sabah,88100,088-246404,2024,6559
MALLI20240138,MCM NETWORKING (M) SDN BHD,W.P. Kuala Lumpur,51200,0123826270,2024,1033541
MALLI20241835,Max Health & Living Worldwide (Malaysia) Sdn Bhd,Selangor,46300,,2024,1318895
MALLI20241232,LIFESTYLES ASIA PACIFIC MALAYSIA SDN. BHD.,Selangor,46200,603-79548377,2024,1113826
MALLI20240137A,A. MENARINI SINGAPORE PTE. LTD.,Selangor,47301,03-7985 7000 / 03-7985 7100,2024,55808
MALLI20240511,LINO GREEN SDN BHD,Perak,31400,-,2024,1192666
MALLI20241579A,Ar Dental Supplies Sdn Bhd,Selangor,40470,,2024,1317893
MALLI20240584,PO CHAI HERBAL TECHNOLOGY (M) SDN BHD,Selangor,68100,0361871203,2024,56050
MALLI20241862,I-SCIENCE INTERNATIONAL SDN BHD,Selangor,47301,,2024,1131167
MALLI20240146,Pharma Ace Sdn. Bhd.,Selangor,47810,03-78808481,2024,1107009
MALLI20240964A,ZIWELL MEDICAL SDN. BHD.,Selangor,46200,03-7960 1960,2024,724
MALLI20241214A,ANTAH PHARMA SDN. BHD.,Selangor,46300,03-79567677,2024,56263
MALLI20240322A,IDAMAN PHARMA MANUFACTURING SDN. BHD.,Perak,32610,,2024,1193076
MALLI20241407,HDI NETWORK (M) SDN. BHD.,Selangor,47620,03-56330906,2024,55872
MALLI20240211,QUANSTAR BIOTECH SDN BHD,W.P. Kuala Lumpur,59200,03-22873550,2024,55835
MALLI20240908A,ELANCO MALAYSIA SDN BHD,Selangor,47800,,2024,1210716
MALLI20240966,Thai-pore Wines & Spirits (m) Sdn Bhd,Selangor,47810,03-78052269,2024,1033698
MALLI20240820,SUN TEN PHARMACEUTICAL MFG (M) SDN. BHD.,W.P. Kuala Lumpur,60000,603-77271108,2024,3506
MALLI20241238,VOGUE MARKETING INTERNATIONAL,Sabah,88460,088-448 989,2024,1113702
MALLI20240231,KYANI (M) SDN BHD,Selangor,40150,,2024,1112854
MALLI20241680,HIMALAYA WELLNESS MALAYSIA SDN. BHD.,Selangor,47100,+603 79567012,2024,1272946
MALLI20241011A,BSV BIOSCIENCE MALAYSIA SDN. BHD.,Selangor,46300,03-78903018,2024,76027
MALLI20241961,MOOM HEALTH SERVICES SDN. BHD.,W.P. Kuala Lumpur,59200,,2024,1315356
MALLI20240144,E HEALTH SDN. BHD.,Selangor,40170,+60194574964,2024,1124135
MALLI20241678A,Vanguard Aesthetics Sdn. Bhd.,Selangor,46200,,2024,1187635
MALLI20240694,YILIN (M) SDN. BHD.,W.P. Kuala Lumpur,55100,03-92831489,2024,1033499
MALLI20241983,CALERIE HEALTH SDN. BHD.,Selangor,46200,,2024,1323039
MALLI20240017,Sin Wah Thong Sdn Bhd,Pulau Pinang,10300,04-2623546,2024,57870
MALLI20241212,HUI CHOON (2021) SDN. BHD.,Sarawak,96000,,2024,1184477
MALLI20240408A,Rural Chemical Industries Sdn Bhd,Selangor,47500,03-56376098,2024,1041332
MALLI20241485A,Phibro Corporation (m) Sdn Bhd,Selangor,46100,,2024,1267093
MALLI20240324A,SOMEDICO SDN. BHD.,Selangor,47000,012-6150965,2024,110
MALLI20240965,MARKET MALAYSIA SHOP SDN. BHD.,W.P. Kuala Lumpur,59200,0322893333,2024,1112508
MALLI20241861A,Top Biopharma Sdn Bhd,Selangor,43700,0193135334,2024,1132240
MALLI20240575,WENG THYE HENG SDN. BHD.,Pulau Pinang,10200,604-2610239,2024,58031
MALLI20240198,BEST ATMY SDN. BHD.,Pulau Pinang,14000,,2024,1270634
MALLI20241240,Zenotec Pharma Sdn.bhd.,Selangor,40460,03-51223050,2024,75884
MALLI20241219,SUNRIDER INTERNATIONAL (MALAYSIA) SDN. BHD.,W.P. Kuala Lumpur,50450,60342533266,2024,1147284
MALLI20240516A,MEPHARM (MALAYSIA) SDN. BHD.,Selangor,47600,03-56368088,2024,55861
MALLI20241573,TICI WORLD SDN. BHD.,W.P. Kuala Lumpur,56000,03-91716266,2024,75805
MALLI20240583,Ruyi Holdings Sdn Bhd,W.P. Kuala Lumpur,58000,60322737788,2024,1116243
MALLI20241963,HEALTHY WAY (MALAYSIA) SDN. BHD.,W.P. Kuala Lumpur,57000,60386569999,2024,1129738
MALLI20240024,BANFOONG SYDNEY (M) SDN. BHD.,W.P. Kuala Lumpur,55100,0392853884,2024,1118926
MALLI20240535,VS INTERNATIONAL,Sabah,88450,0379683383,2024,1041308
MALLI20241277A,ZULAT PHARMACY SDN. BHD.,W.P. Kuala Lumpur,53100,03-41072061,2024,1033388
MALLI20240629A,NOVARTIS CORPORATION (MALAYSIA) SDN. BHD.,Selangor,47400,,2024,956066
MALLI20241473,PT. SARI SIHAT (M) SDN. BHD.,W.P. Kuala Lumpur,58200,0377859320,2024,1135954
MALLI20240420,SHUANG HOR ENTERPRISE (M) SDN. BHD.,W.P. Kuala Lumpur,52200,03-62758818,2024,55892
MALLI20241004A,SANDOZ PRODUCTS MALAYSIA SDN. BHD.,Selangor,47400,03-76827980,2024,1310823
MALLI20240968,BLACKMORES (MALAYSIA) SDN. BHD.,Selangor,40150,60350228208,2024,1126454
MALLI20240069,Shiang Series Sdn Bhd,W.P. Kuala Lumpur,59000,,2024,1273479
MALLI20240696A,FRESENIUS KABI MALAYSIA SDN. BHD,Selangor,46100,03-79572929,2024,1118809
MALLI20240170A,HOE PHARMACEUTICALS SDN. BHD.,Selangor,42000,03-31767822,2024,949141
MALLI20240571A,QL Pacific Vet Group Sdn. Bhd.,Selangor,47600,0380249508,2024,1104615
MALLI20240149A,PHARMA NORD SDN. BHD.,W.P. Kuala Lumpur,50470,,2024,1272011
MALLI20241712A,ORION PHARMA (MY) SDN. BHD.,W.P. Kuala Lumpur,59200,012 6005655/ 03-27019989,2024,1157498
MALLI20240699A,CIPLA MALAYSIA SDN BHD,Selangor,46050,0379562677,2024,947237
MALLI20240312A,Peterlabs Sdn Bhd,Negeri Sembilan,71800,06-7999090,2024,1041334
MALLI20241231A,Synergy Meditech (M) Sdn Bhd,Selangor,46200,,2024,1272554
MALLI20240472A,Nutri Pharmax Sdn Bhd,Pulau Pinang,14200,04-5829377/0164184377,2024,934308
MALLI20241532,PROTHERAPIX SDN. BHD.,W.P. Kuala Lumpur,58200,03-7987 6463,2024,56198
MALLI20240413A,IMEKS PHARMA SDN. BHD.,W.P. Kuala Lumpur,51200,0362418080,2024,1133955
MALLI20240256,CNI ENTERPRISE (M) SDN. BHD.,Selangor,40150,03-55694000,2024,1145014
MALLI20240913,HOMEWELL BIOSCIENCE (M) SDN BHD,Selangor,47301,,2024,1270510
MALLI20241227,Protech Health Sciences (M) Sdn Bhd,W.P. Kuala Lumpur,58200,,2024,1145839
MALLI20240578,POH TAI ENTERPRISE SDN. BHD.,Selangor,68100,0361871193,2024,56071
MALLI20240230,SG GLOBAL BIOTECH SDN. BHD.,Selangor,41400,0333410713,2024,1115293
MALLI20240875,Apex Biocare Sdn Bhd,Johor,81100,073550028,2024,1132435
MALLI20240971,GREEN HERB BIOTECH SDN. BHD.,Melaka,75450,0182357980,2024,1128791
MALLI20240124A,ACCORD HEALTHCARE SDN.BHD.,W.P. Kuala Lumpur,56000,0380117003,2024,1206110
MALLI20240625A,Ferring Sdn. Bhd.,Selangor,46200,0379603032,2024,945013
MALLI20241888,Herbs of Gold Sdn Bhd,Selangor,40150,,2024,1270169
MALLI20240623,Nova Nutritional Supplies Sdn Bhd,Selangor,46150,0356378232,2024,5042
MALLI20241889,PHAMASINDO SDN. BHD.,W.P. Kuala Lumpur,52100,0362774000,2024,1160484
MALLI20240415A,ASTRAZENECA SDN. BHD.,Selangor,47800,,2024,1205184
MALLI20240315,EUROBIO SDN BHD,Selangor,46050,05-5473219,2024,56271
MALLI20241118,ELDON HEALTHCARE SDN. BHD.,Johor,81000,,2024,1314800
MALLI20240325A,PHARM-D SDN. BHD.,W.P. Kuala Lumpur,58000,0377707918,2024,56150
MALLI20241314A,World Medicare Supplies Sdn Bhd,Selangor,43200,,2024,1205679
MALLI20240253A,RB (HEALTH) MALAYSIA SDN BHD,W.P. Kuala Lumpur,50470,0322657888,2024,1138134
MALLI20241120A,DCH AURIGA (MALAYSIA) SDN. BHD.,Selangor,40300,03-55417748,2024,55811
MALLI20241474A,SANTEN PHARMA MALAYSIA SDN. BHD.,W.P. Kuala Lumpur,50470,+603 2276 3333,2024,1142941
MALLI20240150A,SCHMIDT BIOMEDTECH SDN. BHD.,Selangor,46100,03-78449000,2024,854
MALLI20240872,CHINESE PATENT MEDICINES & MEDICATED LIQUORS CENTRE (PENANG) SDN. BHD.,Pulau Pinang,10050,04-2621321,2024,1270866
MALLI20241065A,PHARMEX SDN BHD,Sabah,88300,088-724998,2024,56253
MALLI20240411,HIGH MEAN (M) SDN. BHD.,W.P. Kuala Lumpur,52200,03-62734728,2024,1469
MALLI20240570A,Weissen Company (m) Sdn. Bhd.,W.P. Kuala Lumpur,52100,03-62509260,2024,1041337
MALLI20240210,Cason Group Sdn. Bhd.,Selangor,47810,,2024,1309450
MALLI20241801,PHARMASUISSE MALAYSIA SDN. BHD.,W.P. Kuala Lumpur,51200,,2024,1319180
MALLI20240690,MARY KAY (MALAYSIA) SDN. BHD.,Selangor,46200,03-2789 9099,2024,1316406
MALLI20240265,VITAHEALTH MALAYSIA SDN. BHD.,Selangor,40150,03-5569 6323,2024,1123882
MALLI20241220,Opulence Med PLT,Selangor,47820,0172008048,2024,1272467
MALLI20240469,SEW CHEONG CORPORATION SDN BHD,Perak,30300,05-2438888,2024,1033586
MALLI20241538A,TK DENTAL TRADING,Pulau Pinang,10350,04-2278618,2024,75767
MALLI20241483,21ST CENTURY PRODUCTS SDN. BHD.,Selangor,47500,03-56325041,2024,891
MALLI20240509,K-ONE WELLNESS SDN. BHD.,Selangor,47400,6055293888,2024,1310719
MALLI20240912,CAMERON BIOSCIENCE (M) SDN. BHD.,Selangor,43300,03-80683816,2024,1110457
MALLI20241072A,Glenmark Pharmaceuticals (Malaysia) Sdn. Bhd.,W.P. Kuala Lumpur,59200,0321666318,2024,1133209
MALLI20241235,ATOMY MALAYSIA SDN. BHD.,W.P. Kuala Lumpur,50250,0327188989,2024,1131631
MALLI20240225,TEONG HUAT MEDICAL SDN. BHD.,Pulau Pinang,14100,04-5023396,2024,1141349
MALLI20240826A,PFIZER (MALAYSIA) SDN. BHD.,W.P. Kuala Lumpur,59200,03-22816164,2024,1138894
MALLI20240972A,SYNERRV SDN BHD,W.P. Kuala Lumpur,59200,0322010259,2024,1128539
MALLI20240068A,EUCOGEN SDN BHD,Selangor,40460,03 51311997,2024,1113145
MALLI20240914,CAREMARK SDN. BHD.,Selangor,40150,60374550887,2024,1187642
MALLI20241631,Perfect Pentagon Sdn Bhd,Selangor,46300,+603-7620 3800,2024,78348
MALLI20240630,Old Ivy Ventures Sdn. Bhd.,Selangor,47810,0192307993,2024,943334
MALLI20241924,BEAUTE MORI SDN BHD,Selangor,46100,60378653113,2024,1311101
MALLI20241040A,MERCK SDN. BHD.,Selangor,46150,03-74943688,2024,55813
MALLI20240314,AMWAY (MALAYSIA) SDN. BHD.,Selangor,46100,03-79462610,2024,55842
MALLI20241224,Powerlife (M) Sdn. Bhd.,Negeri Sembilan,71050,067813723,2024,1270747
MALLI20240503A,NOVUGEN PHARMA SDN. BHD.,Selangor,40150,60355618220,2024,1159399
MALLI20241543,FLANTECH ASIA SDN. BHD.,Pulau Pinang,14000,04-5372200,2024,56031
MALLI20240417A,HYPHENS PHARMA SDN. BHD.,Selangor,46200,,2024,1152031
MALLI20240331,Special Enhancement Sdn Bhd,Selangor,47810,03-76514593,2024,1116644
MALLI20240873,OZE MARKETING SDN. BHD.,W.P. Kuala Lumpur,52200,03- 6275 2020,2024,56269
MALLI20241009A,POLYLAB BIOTECH SDN. BHD.,W.P. Kuala Lumpur,56100,03-91309721,2024,4386
MALLI20240120,HERBALIFE PRODUCTS MALAYSIA SDN BHD,W.P. Kuala Lumpur,50200,016-5212677,2024,56232
MALLI20240804,AYUR CENTRE SDN. BHD.,Selangor,46200,03-7954 2899,2024,75827
MALLI20240195,Biofizz Marketing Sdn Bhd,Perak,30100,,2024,1310789
MALLI20241906A,Hipra Malaysia Sdn. Bhd.,W.P. Kuala Lumpur,50480,0364199750,2024,1319808
MALLI20241276A,JOHNSON & JOHNSON SDN. BHD.,Selangor,46150,03-76614500,2024,1000102
MALLI20240049A,Duopharma Marketing Sdn. Bhd.,Selangor,43650,03-89242188,2024,1134449
MALLI20241354A,AETOS PHARMA SDN BHD,W.P. Kuala Lumpur,56000,,2024,1273377
MALLI20240466A,DELFI MARKETING SDN.BHD.,Selangor,47650,03-5123 3300,2024,56258
MALLI20241576A,CAMBER LABORATORIES SDN. BHD.,W.P. Kuala Lumpur,59200,0379320203,2024,1135022
MALLI20241833,AVETECH HEALTHCARE SDN. BHD.,Selangor,47301,,2024,1319090
MALLI20240033,DUPLEX HEALTHCARE SDN. BHD.,Perak,31350,052150088,2024,1156616
MALLI20240330,NGL TRADING SDN BHD,W.P. Kuala Lumpur,51200,60327130260,2024,1150236
MALLI20241534,Dong Foong Manufacturing Sdn Bhd,Selangor,43000,0387415657,2024,1111535
MALLI20240317A,FIRST PHARMACEUTICAL SDN. BHD.,Selangor,47500,0356340669,2024,55832
MALLI20241280,HERBS PHARMA SDN BHD,Selangor,46150,603-7785 0332/313,2024,1144603
MALLI20240819A,Prima Inter-chem Sdn. Bhd.,Selangor,40460,603-57406060,2024,1041317
MALLI20240825,Carepro Marketing Sdn. Bhd.,Selangor,47100,0358889397,2024,1149355
MALLI20240957A,Age D`or Sdn. Bhd.,Selangor,40460,0351217212,2024,932969
MALLI20240129A,GRIFOLS MALAYSIA SDN. BHD.,Selangor,47800,03 7666 5103,2024,1204258
MALLI20240510A,Panfast Marketing (m) Sdn Bhd,Pulau Pinang,14100,04-5016868,2024,1107237
MALLI20241608,J.D. ACADEMY,Sarawak,96000,084335891,2024,1130842
MALLI20240622,KUALA LUMPUR PHARMACY (W.O.) SDN. BHD.,W.P. Kuala Lumpur,52100,,2024,1271599
MALLI20241953,DIVERSIFIED TEAM SDN. BHD.,W.P. Kuala Lumpur,56100,,2024,1319484
MALLI20240026,TAKARIA (M) SDN BHD,W.P. Kuala Lumpur,58200,03-79823536,2024,1033573
MALLI20241273,DOUBLE STRENGTH SDN. BHD.,Selangor,40160,,2024,1316599
MALLI20240412A,Zoetis Malaysia Sdn. Bhd.,W.P. Kuala Lumpur,59200,0322812800,2024,953266
MALLI20241578,PLANTBIO RESEARCH SDN. BHD.,Perak,34600,,2024,1309425
MALLI20241215,TIANYI SEM MARKETING,Negeri Sembilan,70300,,2024,943633
MALLI20240409,WENG SENG HENG MEDICAL HALL SDN. BHD.,Pulau Pinang,10300,04-2616428,2024,55846
MALLI20241415,ESSENTIAL IMAGE SDN. BHD.,Selangor,47810,03-6140 1137,2024,1132486
MALLI20240316A,Sunzen Corporation Sdn Bhd,Selangor,40460,60351218998,2024,1117784
MALLI20240905,ELEGANT WORLD (M) SDN. BHD.,Selangor,47620,03-80210088,2024,1158516
MALLI20241071,SOON SIN LEONG (M) SDN. BHD.,Johor,81100,073610207,2024,939000
MALLI20240169A,BAXTER HEALTHCARE (MALAYSIA) SDN. BHD.,Selangor,47301,0376116899,2024,1128025
MALLI20240628A,QUANTARAD TECHNOLOGIES SDN BHD,Selangor,47301,0378316279,2024,1130774
MALLI20240139,SEANG WAN TRADING CO SDN BHD,Pulau Pinang,14100,04-5018111,2024,1033532
MALLI20241859A,ATLANTIC LABORATORIES (M) SDN. BHD.,Selangor,40460,,2024,1320489
MALLI20240807,KAHONG SDN. BHD.,Sarawak,93450,082-4119912,2024,1146578
MALLI20240067,VITA LIFESCIENCES SDN. BHD.,Selangor,40150,0355696323,2024,1112064
MALLI20240517A,SUMITOMO PHARMA MALAYSIA SDN. BHD.,W.P. Kuala Lumpur,50470,,2024,1205198
MALLI20241665A,Medi Radio Malaysia Sdn Bhd,W.P. Kuala Lumpur,50480,,2024,1316459
MALLI20241923A,MEDHUB PHARMA BERHAD,Selangor,68100,,2024,1321112
MALLI20240027,Leung Kai Fook Medical Sdn. Bhd.,Johor,80350,072668088,2024,1033688
MALLI20240329A,"THE ZYFAS MEDICAL CO.,",Johor,81100,07-3544766,2024,55825
MALLI20241570,Sunwish Merchant Sdn Bhd,Perak,31400,,2024,1105935
MALLI20240328,BIO MODERN HERBS SDN. BHD.,Johor,81100,0103913451,2024,1188158
MALLI20241281A,Borneosew Medical Trading (M) Sdn Bhd,Selangor,47500,0356340772,2024,1041330
MALLI20240320,BIONION SDN BHD,Selangor,40460,03-5879 7707,2024,954221
MALLI20240824,NANG HIN MEDICAL SDN. BHD.,Selangor,47100,"03-58826113, 03-58826123",2024,1204018
MALLI20240970,MORINDA (MALAYSIA) SDN. BHD.,W.P. Kuala Lumpur,58200,,2024,1269503
MALLI20240136,IME INTERNATIONAL SDN. BHD.,Selangor,47300,03-76217261,2024,1136481
MALLI20241637,Superb Health Care Sdn Bhd,Sabah,88450,088448989,2024,1110648
MALLI20240464A,Gladron Chemicals Sdn Bhd,Selangor,40400,603 - 51918989,2024,11819
MALLI20241709,SOS COSMECEUTICAL SDN. BHD.,W.P. Kuala Lumpur,50480,,2024,1271052
MALLI20240963,HWH MALAYSIA SDN. BHD.,Selangor,46200,0379318163,2024,1109814
MALLI20241954,ORGANICULE LIFE VENTURES SDN. BHD.,W.P. Kuala Lumpur,59200,,2024,1183729
MALLI20240025A,PHARMAFORTE (MALAYSIA) SDN. BHD.,Selangor,47810,03-78036998,2024,55807
MALLI20241962,GCOOP MALAYSIA SDN. BHD.,Selangor,47100,,2024,1322102
MALLI20240073A,ALATAN TEKNOLOGI SDN. BHD.,W.P. Kuala Lumpur,60000,03-77286732,2024,1033555
MALLI20241271,Herbion Sdn. Bhd.,Selangor,47301,03-56382024,2024,955726
MALLI20240457A,Ritma Prestasi Sdn Bhd,Selangor,47120,+60380669010,2024,1141171
MALLI20241472A,CELLTRION HEALTHCARE MALAYSIA SDN. BHD.,W.P. Kuala Lumpur,59200,+82328506576,2024,1131142
MALLI20240255,LIFECARE ESSENTIAL SDN. BHD.,Selangor,40150,03-78469208,2024,10700
MALLI20240956,MB NUTRACEUTICALS SDN BHD,W.P. Kuala Lumpur,52200,03-62803823,2024,1117869
MALLI20241067A,GERMAX SDN. BHD.,Selangor,47810,03-78801318,2024,56101
MALLI20240809A,MERCK SHARP & DOHME (MALAYSIA) SDN. BHD.,Selangor,47301,03-74991600,2024,55814
MALLI20240196A,JNTL (MALAYSIA) SDN. BHD.,Selangor,46050,,2024,1271665
MALLI20241834A,Wellesta Healthcare Sdn. Bhd.,Selangor,47820,,2024,1206109
MALLI20241007A,HEALOL PHARMACEUTICALS SDN. BHD.,W.P. Kuala Lumpur,53300,41427106,2024,55913
MALLI20240048A,MILRIN PHARMACEUTICAL CO. (M) SDN. BHD.,Pulau Pinang,10400,"604-2288644,604-2286741,604-2286042",2024,55827
MALLI20240877A,AVERROES PHARMACEUTICALS SDN. BHD.,Selangor,40100,03 55111433,2024,55994
MALLI20241575A,FTA Healthcare Sdn. Bhd.,Selangor,47301,0376221868,2024,1138058
MALLI20240867,HAI-O MEDICINE SDN. BHD.,Selangor,41400,03-33436458,2024,605
MALLI20241886A,PETS CORNER SDN BHD,W.P. Kuala Lumpur,52100,,2024,1192095
MALLI20240021,CAMBERT(M) SDN. BHD.,Selangor,47500,03-5638 3660,2024,55888
MALLI20241012A,Transmedic Healthcare Sdn. Bhd.,W.P. Kuala Lumpur,50480,603-62053888,2024,56216
MALLI20241272,KOBAYASHI Healthcare (Malaysia) Sdn. Bhd.,W.P. Kuala Lumpur,50490,03-20117702,2024,1129442
MALLI20240448,MegaLive BioSciences Sdn Bhd,Kedah,09000,04-491 8168,2024,92067
MALLI20241408,K-LINK INTERNATIONAL SDN. BHD.,W.P. Kuala Lumpur,58200,03-7948 2333,2024,56090
MALLI20240212,Shenlu Biotech Sdn Bhd,Negeri Sembilan,71800,06-7971629,2024,942507
MALLI20240910,Naturally Plus Malaysia Sdn. Bhd.,W.P. Kuala Lumpur,50100,03-27830000,2024,75955
MALLI20240961A,PET ARCADE SDN BHD,Selangor,47100,0380600387,2024,1131777
MALLI20240147,Desaku Trading,Selangor,45200,0332248721,2024,11782
MALLI20240582A,DUOPHARMA (M) SDN. BHD.,Selangor,41200,03-33231368,2024,1033635
MALLI20240122A,J. BIO MEDIC MARKETING SDN. BHD.,Sarawak,93300,082-484350,2024,76075
MALLI20241676,BOSTON SANTE SDN. BHD.,W.P. Kuala Lumpur,50480,,2024,1205981
MALLI20240874A,XEPA-SOUL PATTINSON (MALAYSIA) SDN. BHD.,Melaka,75250,06-3351515,2024,656
MALLI20240634,LEONG FATT CO SDN BHD,Pulau Pinang,10400,04-2287481,2024,1033601
MALLI20240126,San Jiu Bio-Pharma Sdn. Bhd.,Perak,31900,0125628686,2024,1156019
MALLI20241679,Yo Ho Lifestyle Sdn Bhd,Selangor,42000,,2024,1272931
MALLI20240808A,ALCON LABORATORIES (MALAYSIA) SDN. BHD.,Selangor,46200,+6(03)-27826888,2024,1034931
MALLI20240022A,Yenher Agro-products Sdn. Bhd.,Pulau Pinang,14100,604-5880887,2024,1127621
MALLI20241236A,MYLAN HEALTHCARE SDN. BHD.,Selangor,47400,03-7733 8005,2024,1205465
MALLI20240455,TWINS HEALTHCARE PRODUCT,Pulau Pinang,10300,042615264,2024,1033708
MALLI20241466,Luye Pharma (Malaysia) Sdn. Bhd.,Selangor,47600,0380207699,2024,1113921
MALLI20241564,DSAB Holdings Sdn Bhd,W.P. Kuala Lumpur,59100,,2024,1181862
MALLI20240310,BE INTERNATIONAL SDN BHD,W.P. Kuala Lumpur,57000,03-86058500 EXT 60200,2024,1142723
MALLI20240962A,Agritech Enterprise Sdn. Bhd.,Selangor,47810,03-61436328,2024,1041320
MALLI20241066,Phri Bio-Tech Sdn Bhd,Pulau Pinang,11700,04-6552233,2024,1119777
MALLI20240577,AQURATE INGREDIENTS INTL (M) SDN. BHD.,Selangor,43200,60390758000,2024,938696
MALLI20240200A,PROPHARM (M) SDN. BHD.,W.P. Kuala Lumpur,51200,03-62436389,2024,726
MALLI20240827,Pro Health Medics Sdn. Bhd.,Selangor,47630,03-80233770,2024,1033703
MALLI20241410,DERMASUNG SDN BHD,W.P. Kuala Lumpur,50480,0362119621,2024,1154757
MALLI20241282A,VIATRIS SDN. BHD.,Selangor,47400,03-7733 8005,2024,1192911
MALLI20240540A,F.E. VENTURE SDN. BHD.,Selangor,46150,03-56333493,2024,1041321
MALLI20241574,EsperMed Sdn Bhd,Pulau Pinang,10350,,2024,1149107
MALLI20240810,LIONE LABORATORIES SDN BHD,W.P. Kuala Lumpur,58200,+603-7772 7676,2024,1109599
MALLI20241905A,GoodScience Sdn. Bhd.,Selangor,48020,03-60343883,2024,1125925
MALLI20240031,Enagic (Malaysia) Sdn Bhd,W.P. Kuala Lumpur,59200,0322822332,2024,1118568
MALLI20240311,YUE FONG (M) SDN. BHD.,W.P. Kuala Lumpur,58200,0377823740,2024,55862
MALLI20241115A,LUEN WAH MEDICAL CO. SDN. BHD.,Selangor,46050,03-77855510 / 0166612680,2024,1127454
MALLI20241469,TOTAL IMAGE REGIONAL (M) SDN. BHD.,W.P. Kuala Lumpur,58000,0322761366,2024,1145137
MALLI20241317,PEMBEKALAN UBAT HUATHAI SDN. BHD.,Johor,81200,07-2377353,2024,55850
MALLI20240581,PASIR MAS-INDO TRADING SDN. BHD.,Johor,81300,07-5581737,2024,55927
MALLI20240876,Vital & Living Pharmacy Sdn Bhd,W.P. Kuala Lumpur,50480,03-6206 2450,2024,1132566
MALLI20240967A,UBISSON SDN BHD,Sarawak,96000,,2024,1141617
MALLI20240504,LAC GLOBAL BRANDS (MALAYSIA) SDN. BHD.,W.P. Kuala Lumpur,56100,603-9200 2368,2024,484
MALLI20241039,TS GLOBAL DISTRIBUTION SDN. BHD.,W.P. Kuala Lumpur,57000,,2024,1310885
MALLI20241038A,TERAJU PHARMA SDN BHD,Selangor,41050,,2024,1271258
MALLI20240574,New Bo Lin Biotech Sdn Bhd,Negeri Sembilan,70300,03-21188688,2024,1131994
MALLI20240233A,Hisamitsu Pharmaceutical Malaysia Sdn. Bhd.,W.P. Kuala Lumpur,59200,03-22420270,2024,1178999
MALLI20241739,FARMACO HEALTHCARE SDN. BHD.,Selangor,47500,+601112218287,2024,1127920
MALLI20240698,EXTEND MY NETWORK INTL SDN. BHD.,Johor,81300,,2024,1123483
MALLI20240019,Spring Pharma Sdn Bhd,Sabah,91000,089-771089,2024,1113696
MALLI20241218,Alpha Bio Medic (M) Sdn Bhd,W.P. Kuala Lumpur,51200,03-40439001,2024,56218
MALLI20240467,HL PHARMACEUTICALS SDN. BHD.,W.P. Kuala Lumpur,51000,0340419182,2024,1126319
MALLI20241533A,Lim Seng Pharmachem Sdn Bhd,Pulau Pinang,13600,04-3805830,2024,1107252
MALLI20240141,KOTRA PHARMA (M) SDN. BHD.,Melaka,75250,06-3362222,2024,716
MALLI20240323A,THE ZYFAS PHARMA SDN. BHD.,Johor,79200,07-5581515,2024,1267052
MALLI20241237,BMI CORPORATION SDN. BHD.,Melaka,75250,06-3361116,2024,56248
MALLI20241068,Allinon Advance Technology Sdn. Bhd.,Pulau Pinang,11700,046608669,2024,1114903
MALLI20241417,Tempo Scan Pacific Malaysia Sdn.Bhd.,Selangor,47400,03-77335102,2024,942161
MALLI20240193A,KOMEDIC SDN BHD,Selangor,46150,603-56344866,2024,55951
MALLI20240871A,SUNWARD PHARMACEUTICAL SDN. BHD.,Johor,81200,07-2367531,2024,1033417
MALLI20241124,Infinitus International (Malaysia) Sdn Bhd,Selangor,47170,0380791828,2024,76079
MALLI20240911,ROSLIND ENTERPRISE (M) SDN. BHD.,Selangor,47130,,2024,1206040
MALLI20240537A,ORGANON MALAYSIA SDN. BHD.,W.P. Kuala Lumpur,59200,+603-2386 2000,2024,1033427
MALLI20241569A,Alpha Vet Sdn Bhd,Selangor,47600,+6012-2810502,2024,1138266
MALLI20240631,NEWAGE SDN. BHD.,Selangor,40300,03-5542 8483,2024,55881
MALLI20241927,HENDA NATURAL SDN BHD,Selangor,41200,0166662582,2024,1138567
MALLI20240029,NHTC WELLNESS PRODUCTS MALAYSIA SDN BHD,W.P. Kuala Lumpur,59200,03-27031029,2024,1158292
MALLI20240452A,DYNAPHARM (M) SDN. BHD.,Pulau Pinang,13600,04-3904092,2024,56148
MALLI20241226A,PROCTER & GAMBLE (MALAYSIA ) SDN.BHD.,Selangor,47810,03-77243333,2024,34
MALLI20240410,HAI-O ENTERPRISE BERHAD,Selangor,41400,03-33423322/sua swee poh ext. 527,2024,551
MALLI20241468A,Yeam Heng Trading Co.,Pulau Pinang,14000,04-5395928,2024,1118502
MALLI20240227A,Nano Medic Care Sdn. Bhd.,Johor,84000,06-9513111,2024,952671
MALLI20240869A,KM Vet Pharm Sdn. Bhd.,Selangor,68100,"03-61877155,61877191,61870160",2024,1118500
MALLI20240264A,Vemedim Sdn Bhd,Selangor,47600,03-80247118,2024,1041333
MALLI20241353A,FRESENIUS MEDICAL CARE MALAYSIA SDN. BHD.,Selangor,46100,0379579866,2024,55977
MALLI20241003,GT HEALTHCARE SDN. BHD.,Selangor,47301,,2024,1179634
MALLI20240140,YAT MING MEDICINE SDN. BHD.,Johor,81200,07-2371115,2024,73106
MALLI20240572A,N.a.m. Trading (ipoh) Sdn Bhd,Perak,31400,605-5462813,2024,1041319
MALLI20240257A,SANOFI-AVENTIS (MALAYSIA) SDN. BHD.,Selangor,46200,03-76510800,2024,55802
MALLI20241813,Wellness Concept (m) Sdn Bhd,Selangor,47400,0377279999,2024,1118193
MALLI20240906A,ACTIV PHARMA SDN.BHD.,Selangor,40000,0378599829,2024,1316222
MALLI20240051A,ROCHE (MALAYSIA) SDN. BHD.,Selangor,47500,03-76285600,2024,55806
MALLI20241547,BIOLYN (M) SDN. BHD.,Selangor,43500,+60387278166,2024,4177
MALLI20240456,ANHONG TRADING SDN. BHD.,W.P. Kuala Lumpur,56000,0391300013,2024,1033403
MALLI20241545,TIAN I BIOTECH INTERNATIONAL SDN BHD,Selangor,46200,0166662582,2024,1121598
MALLI20240803,UNISON NUTRACEUTICALS SDN. BHD.,Melaka,75450,606-2321399,2024,1033497
MALLI20240326A,KCK PHARMACEUTICAL INDUSTRIES SDN. BHD.,Pulau Pinang,11900,04-6440766,2024,1033445
MALLI20241117A,UNIMED SDN. BHD.,W.P. Kuala Lumpur,52200,03-62620749,2024,75547
MALLI20241242,RED MERIDIAN SDN. BHD.,W.P. Kuala Lumpur,58200,0387242911,2024,1316506
MALLI20240199,V Success Global Sdn Bhd,Johor,81100,0167235613,2024,1137314
MALLI20241010,VECTURA FERTIN PHARMA MALAYSIA SDN. BHD.,Selangor,47800,,2024,1316000
MALLI20241234,FMC GREENLAND SDN. BHD.,Selangor,47100,603-80608257,2024,73090
MALLI20241470A,My Vet Care Sdn Bhd,Selangor,43300,0179898029,2024,1109596
MALLI20241221,MEDERIS SDN. BHD.,W.P. Kuala Lumpur,50470,03-22762626,2024,1270935
MALLI20241636,WENG TEIK HENG (M) SDN BHD,Pulau Pinang,10300,04-2624828 / 04-2630828,2024,56076
MALLI20240633,NATURE SECRET (M) SDN.BHD,Selangor,68100,03-61889396,2024,1269494
MALLI20241951,Absolute Pharma Sdn Bhd,W.P. Kuala Lumpur,53300,,2024,1192388
MALLI20240028,ROHTO-MENTHOLATUM (M) SDN. BHD.,W.P. Kuala Lumpur,59200,603-22414889,2024,55848
MALLI20241406A,Galla Dental Corporation Sdn Bhd,W.P. Kuala Lumpur,52100,0362593800,2024,1116658
MALLI20241638A,PHARMANIAGA LOGISTICS SDN. BHD.,Selangor,40000,03-33429999,2024,5673
MALLI20241713,SAGGAF HERBS TRADING,W.P. Kuala Lumpur,50300,0196544918,2024,1182805
MALLI20241217,VIGORACE SDN BHD,Selangor,46050,03-79569981,2024,56161
MALLI20240693A,SPG PHARMA (MALAYSIA) SDN BHD,Selangor,47400,03-77331702,2024,1033694
MALLI20241531,BEST WORLD LIFESTYLE SDN. BHD.,W.P. Kuala Lumpur,55188,603-2119 8829,2024,1316320
MALLI20240258,VISTERN HEALTH SDN BHD,W.P. Kuala Lumpur,55100,03-21168200,2024,1132498
MALLI20240969,EXCEL HERBAL INDUSTRIES SDN. BHD.,Selangor,48000,011-10243721,2024,1132407
MALLI20241064A,MEDIDATA SDN. BHD.,Selangor,46150,03-56358780,2024,55921
MALLI20240192,MEDLEY HERBAL PRODUCTS,Selangor,47100,60122676115,2024,1033528
MALLI20240576A,DUOPHARMA HAPI SDN. BHD.,Selangor,40150,,2024,1152428
MALLI20240142,BASIC HEALTH & BEAUTY SDN BHD,W.P. Kuala Lumpur,52200,603-6272 9316,2024,55959
MALLI20241815,Nano Wellness Sdn. Bhd.,Pulau Pinang,14100,,2024,1266944
MALLI20241005,P.T MUSTIKA RATU (M) SDN. BHD.,W.P. Kuala Lumpur,56100,03-9286 1626,2024,945
MALLI20241885A,APEX PHARMACY MARKETING SDN. BHD.,Selangor,47500,03-56293688,2024,56202
MALLI20241241,UNICITY IMPORTS MALAYSIA SDN. BHD.,W.P. Kuala Lumpur,59200,,2024,1311122
MALLI20241484,Esprit Care Sdn. Bhd.,Selangor,47100,03-80604228,2024,75887
MALLI20241632,Novamed,Johor,81100,0137521902,2024,1137075
MALLI20241860A,BREGO LIFE SCIENCES SDN. BHD,W.P. Kuala Lumpur,56100,03-91349797,2024,1206170
MALLI20240047,Avantsar Sdn Bhd,Sarawak,98007,085436969,2024,1309202
MALLI20240327,DCH CONTRACT MANUFACTURING SDN. BHD.,Selangor,40300,60355416600,2024,1129467
MALLI20241412A,EISAI (MALAYSIA) SDN. BHD.,Selangor,47400,03-77320380,2024,1142544
MALLI20240418A,JETPHARMA SDN. BHD.,Selangor,47100,03 8076 1651,2024,55958
MALLI20241278,PROBIOCARE SDN. BHD.,Sabah,88300,,2024,1120428
MALLI20240213,FOREVER LIVING PRODUCTS (M) SDN. BHD.,W.P. Kuala Lumpur,55100,392820033,2024,73095
MALLI20240870A,KIREEN PHARMACEUTICAL SDN. BHD.,Johor,81200,"07-2367531, 07-2367972, 07-2367967",2024,615
MALLI20240960A,BAYER CO. (MALAYSIA) SDN. BHD.,Selangor,47400,603-78013088,2024,1205848
MALLI20240313,WONG`S NATURE CURE CENTRE,Selangor,47301,03-76515151,2024,1115123
MALLI20240513,PharmaCare (Asia) Sdn Bhd,Selangor,46200,0374902138,2024,1154258
MALLI20241634,San-tronic Medical Devices Sdn Bhd,Selangor,46150,03-77818810,2024,931511
MALLI20240624A,Danberg (m) Sdn Bhd,Selangor,40300,+603 5548 4905,2024,1118506
MALLI20241945,Kji & Co Sdn Bhd,W.P. Kuala Lumpur,58000,,2024,1205323
MALLI20240127,MANPOWER LEADERS SDN. BHD.,Selangor,40170,0169337921,2024,1185366
